time,Region_Id,Mean_precip,months,Mean_smos,Mean_temp,Mean_ndvi,production
2015-01,93,4.3944521692979155,1,0.3185515540898308,25.003593060493145,0.761228393318238,171725
2015-02,93,1.2061374877264543,2,0.2914517077093638,26.80756844533485,0.758957478372388,188325
2015-03,93,3.454652321991812,3,0.25196877669586587,26.95410883290296,0.7527544258680055,247856
2015-04,93,10.466471728220673,4,0.24891519349911392,26.948865031996174,0.785056841576,282791
2015-05,93,9.00798604652708,5,0.28060193980306397,25.40512060257376,0.8052621116430897,291057
2015-06,93,4.8583554313766815,6,0.3044098530988814,26.19586524638764,0.8088843677271558,287502
2015-07,93,5.410754769006925,7,0.3060660338752139,26.404260735477287,0.7937190426100694,288086
2015-08,93,5.8257606115086285,8,0.2975288434562402,25.53300327679051,0.7677737373779205,313321
2015-09,93,4.057923635098385,9,0.27390832614424393,28.357386154075854,0.617915217098,299337
2015-10,93,5.668796881143408,10,0.28068165240543236,28.483907248550583,0.7762285009550186,300383
2015-11,93,12.967481653924702,11,0.3744315768903182,25.887489666558658,0.7657192017143334,246005
2015-12,93,7.258166540396948,12,0.335513241731825,24.84855834979068,0.7668592278893703,201231
2016-01,93,3.542147438725205,1,0.33111576282388994,25.207428112996734,0.7743338039453475,163841
2016-02,93,5.58337240264083,2,0.33567948558395655,26.49349789749815,0.797851244710882,166663
2016-03,93,2.8098904441569528,3,0.2780752709786682,26.887959410700944,0.7832152552995147,185974
2016-04,93,5.533220066194149,4,0.25520375791719546,27.555533111868346,0.8075889414621982,200456
2016-05,93,7.210376466997511,5,0.2640096004042576,26.846006493421697,0.8158192728727897,207485
2016-06,93,4.483826140163365,6,0.3226204067245781,26.163122504601727,0.8049908326712446,229105
2016-07,93,4.3716072833100315,7,0.24908646295067705,26.553192529498045,0.8065068998272803,232726
2016-08,93,2.6814583387069275,8,0.24062980552967592,26.159636340247655,0.812043649860392,264981
2016-09,93,6.487781566135967,9,0.24858208112180322,27.75691610391402,0.7930800704628824,280248
2016-10,93,8.089447971540029,10,0.28412725863773686,26.420291357757847,0.798701665771091,284922
2016-11,93,8.922519544656952,11,0.31150829481307557,27.3947037693564,0.714535395921,274107
2016-12,93,6.877924901866296,12,0.31563549803572566,26.25296377399787,0.7770645757536666,254881
2017-01,93,10.953848213162976,1,0.35369122004412096,25.02766879866631,0.790077871640624,211810
2017-02,93,4.460164492852441,2,0.30373131029704414,24.421947223247834,0.803621660038402,214747
2017-03,93,8.751595205398333,3,0.3236073647688342,26.67326808352796,0.7967351352391445,210002
2017-04,93,13.194064977605025,4,0.31948693029787223,28.843893186248,0.8154665856132093,216574
2017-05,93,10.962367862795277,5,0.3386072643742904,28.69384327958331,0.8320473493113937,225834
2017-06,93,5.283684390726358,6,0.3141360661518095,28.152945331987958,0.8185683855929262,205989
2017-07,93,3.4805887187725277,7,0.32698604893061634,28.226349433920095,0.8083531869488055,284963
2017-08,93,7.097562744121164,8,0.3325371738565116,28.225259992422743,0.808326553128965,293140
2017-09,93,6.807732637793985,9,0.32961337870393786,28.342597956447655,0.8197163305672036,295578
2017-10,93,8.427873586210795,10,0.31255205290855476,29.28059629564708,0.8101236454199316,335271
2017-11,93,12.56051176486992,11,0.3317485589950709,27.70230932126847,0.821146926827354,326891
2017-12,93,6.106760383018459,12,0.3964231786575866,26.791858965241943,0.8139100568643669,321723
2018-01,93,12.748781461341157,1,0.40790864625233214,27.31811540711372,0.793595397050821,265944
2018-02,93,3.236507484544427,2,0.36305284706995705,27.711220145882198,0.7836683047053479,214754
2018-03,93,5.757873865194361,3,0.31173084464885265,27.59444856642652,0.7780176707033397,251847
2018-04,93,8.237421734394573,4,0.33037649346968406,29.249189989229773,0.7919736342005,238014
2018-05,93,8.824796145108145,5,0.330149476256207,28.407557143466665,0.8176862717876154,235459
2018-06,93,6.491173802919928,6,0.33120172933444614,28.4324284653026,0.820151165582592,205446
2018-07,93,4.309402085019584,7,0.3271735094187738,27.1042844191061,0.8202831891490985,243776
2018-08,93,2.914453441465599,8,0.3021027197262052,29.587893551032753,0.8056540287510272,266457
2018-09,93,5.257295352908559,9,0.33242383234109796,31.39408200654895,0.8069157064461635,296852
2018-10,93,9.204387029410743,10,0.3507239788110681,29.7568661561188,0.8076720049397046,312736
2018-11,93,8.424320079755287,11,0.3819602773819545,27.251232606774476,0.8204164061085141,292956
2018-12,93,6.596394387311218,12,0.35574946176730543,27.673331463082214,0.8230450558628211,289214
2019-01,93,3.938646571537497,1,0.35648225034157555,26.84080707095246,0.803288575081908,288564
2019-02,93,2.3770587870087954,2,0.34092698662767845,28.461422860469998,0.777133744319269,249928
2019-03,93,4.699438157251488,3,0.3064472707251935,29.870608085980002,0.78151492519175,263380
2019-04,93,9.363230197661398,4,0.2981205463500667,29.668799963908338,0.794003739367,258641
2019-05,93,6.242373987264672,5,0.2916109643678065,29.312644853825002,0.8034479062017499,266618
2019-06,93,6.530114573814397,6,0.3389021688629693,27.414446592138596,0.8296203257761136,247853
2019-07,93,3.801295734208267,7,0.31487361364983957,28.477698880734284,0.8080931895906738,285648
2019-08,93,3.55420790357215,8,0.27714325594706835,28.567647782398137,0.7972387207682758,287839
2019-09,93,4.323972777985139,9,0.2908703264770238,30.024246627598476,0.8020142653800862,277466
2019-10,93,11.19583617041771,10,0.39757208237020547,28.73109994637884,0.8072523166514375,275288
2019-11,93,8.623736383897926,11,0.3683638523901518,28.263749306310537,0.8161033066688222,239004
2019-12,93,12.774458724116826,12,0.4062036581091707,26.289912725094773,0.810359472015986,201989
2020-01,93,2.2134552744741605,1,0.3491164576061254,27.369524583066354,0.7944523691926235,184890
2020-02,93,6.460552654242386,2,0.3441215291909664,28.0438030480069,0.7887150086965714,228046
2020-03,93,3.473772484238968,3,0.32783929253086097,29.555204808353583,0.7881508398597362,242595
2020-04,93,8.552902895254002,4,0.3321178300007226,29.642766804551457,0.7981991231974233,274686
2020-05,93,8.801805507883023,5,0.3578661295881586,27.966112575774247,0.821850841160115,260507
2020-06,93,8.132885065284071,6,0.39069155118284,27.8434937530183,0.8318540959933545,321550
2020-07,93,7.0749527022290355,7,0.3779723943842461,26.709597748221196,0.8243099559031317,303763
2020-08,93,4.091310907454596,8,0.3811760232224032,27.473831776620823,0.8138678430917147,301528
2020-09,93,7.087168787960806,9,0.35748551729156286,27.750837006806016,0.8156706835766687,302692
2020-10,93,4.068495134376862,10,0.33505049900464196,28.402645109599874,0.8136377387158544,273522
2020-11,93,8.648060073669429,11,0.4109437088100012,27.9856034472142,0.8045357652541215,246388
2020-12,93,6.27099430540673,12,0.41794354054876975,24.860752642764094,0.813459278021507,217480
2015-01,94,1.4443033007629615,1,0.26875378556011864,26.559231716768547,0.768595564862086,15066
2015-02,94,2.2354123346412655,2,0.2501640463677812,29.142522465884436,0.6857543857733748,20527
2015-03,94,2.872150809417316,3,0.22347011894054364,29.61228252231643,0.7057530063707692,31839
2015-04,94,11.580010171613223,4,0.2941804798931961,27.65416362977938,0.7306568451879567,33341
2015-05,94,10.652135857959419,5,0.32043539281672,26.173197071699374,0.7687677954092382,35627
2015-06,94,6.631503387096927,6,0.33062718104305827,25.732540235140654,0.8176858064340236,31725
2015-07,94,9.799920833841119,7,0.3180530091024599,25.02169828273086,0.8245890162602857,31029
2015-08,94,8.13864864722298,8,0.32269499251009587,24.77407975503901,0.8065717009748475,30409
2015-09,94,10.34123114889479,9,0.35256663025129076,26.62723440770384,0.7773166468050942,25729
2015-10,94,10.08334132359527,10,0.36873299691883216,24.643605335569422,0.791783294497251,26683
2015-11,94,15.62759049677475,11,0.41313208451162603,25.176194938480123,0.7934477802734999,17901
2015-12,94,2.9441962777432855,12,0.31565104625223817,24.8537584607845,0.814882581450865,15773
2016-01,94,3.3053272007536485,1,0.2664428926320801,27.45680661462422,0.7650664458922428,16733
2016-02,94,2.173211398466234,2,0.24835448274007574,26.75922249855392,0.7123595701381296,19332
2016-03,94,0.4013746728317303,3,0.254687990138836,32.04953374165423,0.6886990342468418,22855
2016-04,94,4.8155393817089065,4,0.2179876907854086,29.30632854215,0.6986535119396552,20709
2016-05,94,16.105688107457002,5,0.3670791359327045,26.701332335837577,0.7511762027402583,18388
2016-06,94,6.127164268352334,6,0.3518127093644531,26.127313539598592,0.7901784812482253,18208
2016-07,94,8.230238484205865,7,0.2835681149997351,26.056432830971836,0.8154755155782152,16982
2016-08,94,6.0127190057921185,8,0.25047100876066014,27.4416828474268,0.8077341809386906,19809
2016-09,94,7.953021178095454,9,0.32799516733046963,25.479574164051037,0.7515391829329945,17236
2016-10,94,9.426685269946686,10,0.3632514195868323,25.283195821307984,0.810868516908374,17023
2016-11,94,9.450686249476897,11,0.39683093969417144,24.33247288902897,0.7868547818895,18093
2016-12,94,8.420028410529067,12,0.34733540625584886,24.396123314932108,0.7923230957113213,16941
2017-01,94,7.593576597155696,1,0.2515770231762759,24.87158055893798,0.802507878689941,15526
2017-02,94,2.7816470739504373,2,0.21186514297148307,25.543537923481733,0.753606298516896,19931
2017-03,94,7.681706313119049,3,0.25678308682291545,27.47114834776877,0.7524050291547714,27251
2017-04,94,13.74172002775034,4,0.3942960295009498,28.932842193454405,0.7374340521492327,27260
2017-05,94,10.823737196026682,5,0.3674686659600065,27.679192168362334,0.7888786608662266,27908
2017-06,94,5.15010949513747,6,0.29565332626033813,28.535443555633606,0.8222508437083256,24242
2017-07,94,6.663293998111505,7,0.28715727952106307,28.49517262163647,0.8255441505337453,30397
2017-08,94,10.421910831695547,8,0.2799005266881209,28.205388732326146,0.8061082462613567,30650
2017-09,94,14.220614925924776,9,0.33275518933185555,28.7331222071075,0.7955738796943943,27147
2017-10,94,6.370177227115253,10,0.3368685874818552,28.94382171726961,0.735366055019216,28278
2017-11,94,19.951452790977363,11,0.3469327739769889,28.120171665937647,0.7912085694745,26046
2017-12,94,4.072531390093948,12,0.3137472657062269,27.180153818593368,0.8045946638082662,24710
2018-01,94,7.86211032003455,1,0.2757157858812668,26.75163968828705,0.803181795066519,21528
2018-02,94,2.2419461869620347,2,0.25923096024381664,29.677256924159465,0.7285562760356378,17859
2018-03,94,4.33929500037297,3,0.2504394138828944,29.988545661167926,0.7336795626411712,21037
2018-04,94,6.43243864848799,4,0.2872331514487323,28.634381279983455,0.7275712349156667,18653
2018-05,94,16.293793865785926,5,0.3978523788688692,29.07280959476326,0.7649756609344179,19114
2018-06,94,3.680222525795123,6,0.3258250181443346,28.286292685631,0.7893968642804601,18806
2018-07,94,4.927622924655891,7,0.31032823830372674,28.46484821450665,0.805475306098417,21458
2018-08,94,4.195803731727484,8,0.2733378765832728,28.6682379163461,0.77906707296756,22922
2018-09,94,12.059722120388095,9,0.311656856681459,28.913558992433465,0.7799822802029646,26370
2018-10,94,13.922478546159674,10,0.421598889812813,27.263385451150725,0.7858749488877125,26373
2018-11,94,8.8983750850583,11,0.42658320307603675,27.6594181882433,0.7807756540418175,25786
2018-12,94,6.538125703543735,12,0.374462232620143,26.797754983232405,0.8015909371663055,25864
2019-01,94,3.0186377416054815,1,0.28405568944912024,27.031636011993353,0.7781336466986404,27121
2019-02,94,2.2788624867628147,2,0.24187538836864286,29.635710753539126,0.7231600376463518,21268
2019-03,94,3.7655506238275653,3,0.30207814936054833,31.80325309964444,0.7129788568115001,24062
2019-04,94,9.280024975791614,4,0.3163059749022333,28.636014920533327,0.7351424202586667,23187
2019-05,94,8.02106757300979,5,0.33900002977125804,27.570419113811916,0.7809521016976667,22309
2019-06,94,6.6275461024541364,6,0.3822078974891868,28.303107284969677,0.804901101051685,19174
2019-07,94,6.167137868764202,7,0.3086742243020753,27.115454392600654,0.8031272584202682,21070
2019-08,94,5.862224532024284,8,0.2925917575616656,27.827822548305573,0.8118986956242015,19725
2019-09,94,5.222909276825203,9,0.3361986944732029,28.521321233772355,0.7953041518860147,17716
2019-10,94,15.293253442954857,10,0.4062100497762702,27.405127237450962,0.7801959729592394,16093
2019-11,94,7.722587455016117,11,0.4289331135437356,26.768230766857045,0.7844879878887694,14351
2019-12,94,3.1223418561526435,12,0.34497915741216373,27.45986945852731,0.782912431989926,12997
2020-01,94,0.6384350729239001,1,0.3067843641513009,27.923698051823646,0.7670724865444231,15890
2020-02,94,3.472377676061134,2,0.288407036933579,29.19341268887055,0.7319618257819931,21406
2020-03,94,3.9825594308129606,3,0.2588773039450451,31.633958851940896,0.7059039670910677,21862
2020-04,94,16.26920456171734,4,0.3318260312170659,30.13623053490701,0.750227503277848,23658
2020-05,94,15.356339059013838,5,0.3980639326429532,27.650000117980117,0.8198806442163097,20792
2020-06,94,5.784118503612281,6,0.36967890988257895,26.226115918900188,0.8315797055605549,25167
2020-07,94,13.32150635362716,7,0.30465157763390194,26.35252909524945,0.8264989530192115,21273
2020-08,94,6.4692868438612585,8,0.29010081359557705,27.710980664970723,0.8141426045013835,17199
2020-09,94,12.57650520350232,9,0.3298711834143314,26.779884571085677,0.7983685430886504,16695
2020-10,94,7.865374406970035,10,0.40746247220064047,26.969045361489222,0.8100416508332939,13235
2020-11,94,10.435698702441368,11,0.4267601402932672,25.35049539263439,0.8077332023936621,10215
2020-12,94,7.032844783409787,12,0.3613312842676321,25.38192182497108,0.8031155165081717,10714
2015-01,95,1.52038708557791,1,0.3744075249934485,23.126085482015064,0.745062760062712,11181
2015-02,95,0.6662398584106201,2,0.23607300069694062,25.37074819482648,0.7338739956500001,11847
2015-03,95,1.076613384431448,3,0.24124235763561533,27.32377338555593,0.7391713546826073,18858
2015-04,95,3.4889031564919466,4,0.19833539293840216,27.185229594661614,0.7446907522615,26044
2015-05,95,10.59766750062341,5,0.18485431587705736,26.25054218540912,0.7808607027795555,28614
2015-06,95,6.472825251371704,6,0.23831126439461217,24.70795581794366,0.7910101599627049,25287
2015-07,95,5.013846293259611,7,0.21106569681402762,24.983088993310748,0.7954872194976853,26879
2015-08,95,9.911295661079928,8,0.23913505567525506,25.17169313692063,0.8025430737064483,30795
2015-09,95,7.688912868993503,9,0.2469295830080926,25.76837360614158,0.7688086449041598,26413
2015-10,95,7.047115786926359,10,0.2693789910469824,25.78784130374094,0.7975825174570333,29595
2015-11,95,11.79196547759645,11,0.2849091163302762,23.18992083382241,0.737534110591,25744
2015-12,95,3.1656615661044567,12,0.29135884005270113,23.42060806453926,0.7545561985643603,20155
2016-01,95,2.232859879801148,1,0.23425851987655072,25.127748300632675,0.7880928692965732,12980
2016-02,95,2.363104779477057,2,0.2726037389228434,25.169798847633313,0.7889935942963593,12716
2016-03,95,0.1777695305487528,3,0.26972666277734786,27.06616688814436,0.7596364832840599,19032
2016-04,95,2.506032177260225,4,0.12202461275899663,27.997255476148194,0.7642323702656701,24314
2016-05,95,8.325837027802118,5,0.09223569496530848,26.286265535429234,0.7692615737892665,25803
2016-06,95,8.29259507883145,6,0.20300578850423612,24.66903816399284,0.7876251745095513,25046
2016-07,95,7.451538991231507,7,0.13110257509882978,25.37521892374985,0.8016578483297795,24807
2016-08,95,7.408853227987312,8,0.12525504761500206,28.132802597966872,0.7935813970503801,28695
2016-09,95,8.183973194847063,9,0.1577869383431276,24.985829797408417,0.8000702265639847,27964
2016-10,95,10.693839035191488,10,0.1748832328632235,26.19528526450224,0.7869459894040434,28872
2016-11,95,7.484339230220933,11,0.2533930330095161,22.998547989261937,0.790226771102,25614
2016-12,95,13.359339141005439,12,0.19618536868929853,24.74098898545125,0.7692316847373334,22243
2017-01,95,12.839548183365247,1,0.19131896042091978,24.280835382764902,0.796514413703089,15260
2017-02,95,1.291678042146415,2,0.18297818156726037,23.181907693078486,0.804092647773622,13736
2017-03,95,4.297867987021217,3,0.1428798171766647,25.855523333271776,0.788982954701236,17741
2017-04,95,8.14989397913908,4,0.14510383000025576,28.99268251819301,0.8032505042528387,22641
2017-05,95,10.278003344629779,5,0.16202166596870904,28.801155779386086,0.7982105507475227,24888
2017-06,95,7.924641949218098,6,0.1980294001050157,27.551494195451525,0.8197242899275735,20956
2017-07,95,7.935153014453657,7,0.23153371024759362,26.51034345241585,0.8102791423816422,28353
2017-08,95,10.249072343077883,8,0.23615470835659094,27.53640807121123,0.8113359224364138,32991
2017-09,95,9.564622003465514,9,0.22900547729395834,28.518257406276252,0.8032354613698824,34049
2017-10,95,8.498992263108446,10,0.2148732799597515,27.47188014668452,0.806825808793183,41133
2017-11,95,18.557265058699535,11,0.21840895982529285,25.9045458239755,0.7812123209335,35472
2017-12,95,5.76132163603789,12,0.2864110934963343,24.45688339080629,0.821317646458553,31759
2018-01,95,6.645350175247804,1,0.25834788830381467,24.803975148313242,0.814795217162,24968
2018-02,95,1.0839064764016815,2,0.2548052656989442,26.64249200107712,0.7749805418950975,21879
2018-03,95,1.5466222880633378,3,0.23043737436445572,27.39663372244482,0.7601028012533325,24801
2018-04,95,3.108478069993949,4,0.15902559170521527,29.12243100336976,0.7857104043323334,23697
2018-05,95,5.378731056309613,5,0.18778896894952096,28.18697972130253,0.7996432748072291,20016
2018-06,95,6.083999278919282,6,0.23316306148172664,28.3832318858904,0.8041714910261976,16736
2018-07,95,6.473721445714402,7,0.21535501339346452,27.58883353784882,0.8044271589926993,18911
2018-08,95,3.215149303913675,8,0.209580543199509,27.6679677848315,0.7988238330251815,21830
2018-09,95,9.52293287304207,9,0.2648743407091329,28.395770836769945,0.7960758980388074,28936
2018-10,95,8.2846405865058,10,0.2725862104991053,27.30776284482378,0.8080264115789894,32459
2018-11,95,9.648192559028525,11,0.3065280556588208,26.28834795415888,0.8047312179019284,31137
2018-12,95,11.866991850856166,12,0.29851567629542214,24.63857605758129,0.8014617053792467,29514
2019-01,95,2.5908668678845297,1,0.28285432723653364,25.199769111669756,0.792349664861159,27457
2019-02,95,0.7337534449286434,2,0.2785595200771072,26.30805707113889,0.7840387614850219,24262
2019-03,95,2.9344559061335453,3,0.2663311420649032,28.05028967270945,0.77043496596575,29766
2019-04,95,5.010176345701054,4,0.19749842074362006,28.3257059317353,0.771788140886,30982
2019-05,95,7.045186369273564,5,0.20281212799248385,28.120906795625004,0.7976715112345001,31385
2019-06,95,9.45073899170603,6,0.23694785988257555,27.53552118698533,0.8152289398809313,26456
2019-07,95,4.679962880969887,7,0.2499502968586921,26.717055327139427,0.8139749423541652,31646
2019-08,95,6.171628472089939,8,0.23785069207354756,26.641624314201234,0.7981439880305277,29172
2019-09,95,6.730052481992088,9,0.2724850553977595,27.714892113700845,0.81964446032676,29772
2019-10,95,7.99962332328371,10,0.2580752054065122,26.874171145943805,0.8072129704396405,28464
2019-11,95,14.977640700677599,11,0.34785973828556355,25.868050189209786,0.807650595333946,23279
2019-12,95,7.258846336047544,12,0.34228359462315255,25.240670866545397,0.7901406441580945,19797
2020-01,95,0.7376797180817695,1,0.32144648336673237,25.29405112353617,0.8000994509585522,13877
2020-02,95,2.6592835130550827,2,0.28831514912949696,25.698412274978274,0.7889429939633301,15080
2020-03,95,2.7006876834531104,3,0.2535441837371604,28.12180062167443,0.7784603686620535,21336
2020-04,95,6.0368308599584966,4,0.20173899107574375,28.13123926076276,0.7937024913724595,31950
2020-05,95,10.124583140167577,5,0.20793779699033618,27.896519673619682,0.8140572852837816,29352
2020-06,95,8.758723037003753,6,0.2617956869201312,26.386119652409054,0.8075991928756094,35483
2020-07,95,11.952079881932384,7,0.3007005000823847,26.611091160234412,0.813124615441672,32151
2020-08,95,8.782266174898478,8,0.2804752636091977,27.189393904342683,0.8124533212601371,34865
2020-09,95,8.58480576188349,9,0.2598880965767421,27.25137682431692,0.8047130409603752,36368
2020-10,95,10.583492118506626,10,0.2977256661819706,26.797038714627675,0.8040323173255156,34090
2020-11,95,11.331522660826879,11,0.3041254914799657,25.62053927889045,0.8049803195103383,28786
2020-12,95,8.088981549731182,12,0.33734889653656347,24.13082088692574,0.7914582449760426,24683
2015-01,97,1.942694981930407,1,0.3093815600675022,25.051504920953967,0.7620384236065468,37505
2015-02,97,1.115705589086126,2,0.24077687309963175,26.562731034868882,0.737624681744211,46682
2015-03,97,3.592223430303105,3,0.2005947630578661,27.35570625947575,0.7448232181709333,59585
2015-04,97,9.234696147352205,4,0.2323740374021811,26.911427738629836,0.785772184296237,62262
2015-05,97,6.718207802963454,5,0.21948463758411008,24.480399794870493,0.7999536497078386,62583
2015-06,97,3.5576003692717704,6,0.1993381229634512,26.498518885933645,0.8113606904123709,64351
2015-07,97,2.150863113982936,7,0.18064997448826645,26.70345889363092,0.7954440722266914,66546
2015-08,97,5.06650005781022,8,0.1836109506562048,25.95460318808399,0.792909302328832,71019
2015-09,97,5.896117824593256,9,0.17871707433606746,26.348742540679428,0.769738636364,65643
2015-10,97,5.667616287571808,10,0.2055043444881878,27.829294314148324,0.7086786524497279,63665
2015-11,97,12.496334263859204,11,0.2572680990748948,24.92413888560663,0.7844177181913334,45974
2015-12,97,4.753080159219113,12,0.24578143738509478,25.07499753132308,0.785956635291259,34470
2016-01,97,2.058482300962031,1,0.20169374799833154,25.89941841219538,0.7890634235368112,30485
2016-02,97,4.107921937631421,2,0.2149357374916934,25.905543023280188,0.794140942233765,38430
2016-03,97,1.6228464510223384,3,0.2056129785015306,27.49474050741011,0.762836432495952,45726
2016-04,97,4.598052758533438,4,0.21266611686641088,27.88243788404884,0.7897240829248577,45914
2016-05,97,7.8829136706689935,5,0.22897852605886607,26.767672684280125,0.8026275241461014,42258
2016-06,97,4.220624457965327,6,0.21841784257796706,25.740131271459664,0.8136845591694386,46288
2016-07,97,4.744876531634552,7,0.24166740266364645,26.397280626880107,0.8022888615942091,45444
2016-08,97,2.4172550369475325,8,0.1856404513356614,25.79939404136739,0.8069484547409632,48242
2016-09,97,4.551385062582951,9,0.23896483506108387,27.60481730403922,0.814188596176415,51162
2016-10,97,4.40972241320923,10,0.19825758473440383,26.315565058851433,0.782218794283169,48990
2016-11,97,7.690503670642234,11,0.2819269094592547,26.3529126689657,0.7875049832609999,51861
2016-12,97,5.979894206371812,12,0.30972724689877035,25.924861018095026,0.804501437609334,47761
2017-01,97,9.331070362557464,1,0.2954514115174733,24.967133280320258,0.7973990216029123,37901
2017-02,97,3.9312930895961893,2,0.28595697211237997,25.132974540293407,0.7918505733803676,44043
2017-03,97,9.581978437550553,3,0.3058970430471812,27.270968982571752,0.8089854479472903,53703
2017-04,97,9.160710170190612,4,0.2567880255239317,29.042286457435285,0.8220902052033213,56228
2017-05,97,5.364853014315084,5,0.2592479211194187,28.98532713015479,0.8181114205987303,55599
2017-06,97,6.174225928884092,6,0.24630752594799274,28.643181174571122,0.8041412445109073,49314
2017-07,97,2.13140234994727,7,0.2594543693147187,28.482807346688457,0.8143037748461648,56601
2017-08,97,6.112348006140257,8,0.2677127205113881,28.258690948479064,0.8184805048368406,54054
2017-09,97,5.885164464588558,9,0.2544269515822012,28.187924110335732,0.806616315852019,60359
2017-10,97,5.48872788448936,10,0.21149969878970887,29.121173344479356,0.8213378967569384,70903
2017-11,97,9.98295199054957,11,0.2518912833733221,28.426441566368275,0.810166048418934,71278
2017-12,97,3.9055856563755147,12,0.24502359419967287,27.221024192866317,0.8146406715484075,72962
2018-01,97,11.186249518155268,1,0.2727532071735753,27.2021673575798,0.7797707410983528,57744
2018-02,97,1.1342476077272772,2,0.23475073237820462,28.221484620656838,0.7772798802171742,51371
2018-03,97,4.847212253448993,3,0.20221301541919848,28.579050293635547,0.7844231069913334,67370
2018-04,97,5.675468050509446,4,0.22073219908604452,29.775817384074184,0.8131708290884435,59969
2018-05,97,8.028528648094206,5,0.20645176250176558,29.1200110595,0.8297961066323768,57112
2018-06,97,4.756903874792429,6,0.20702780008020144,28.4617326071982,0.8153655365494092,45041
2018-07,97,3.1399415337725367,7,0.19384563913541653,27.104622663374798,0.7995175004272168,47956
2018-08,97,1.7245813459079544,8,0.17929443542199708,30.72752772043172,0.8072093720148926,47602
2018-09,97,5.185922661823359,9,0.2229842315606266,30.350003614472076,0.8128161559299676,56503
2018-10,97,9.1224101589073,10,0.25340618525787684,28.678927170178248,0.8241501748075226,63764
2018-11,97,8.930927560357452,11,0.2538174053891427,28.28746628795878,0.8295233604327735,62102
2018-12,97,5.888263153413417,12,0.2776104266167078,28.04392565025817,0.7951947554338072,62917
2019-01,97,1.4957280236016943,1,0.21492156401708706,27.31071677688769,0.7805134640648514,62694
2019-02,97,2.9014250668892325,2,0.22457422695332138,29.02694787305714,0.77372513497675,56482
2019-03,97,5.338134782828351,3,0.22773232938761293,29.957423062093753,0.7958800634796667,66494
2019-04,97,7.528500149799114,4,0.18114479243399997,29.39271321384,0.8095144234567501,67706
2019-05,97,6.2678297744146265,5,0.18638417639758068,29.195580598240003,0.823063145850044,69365
2019-06,97,4.315437700468219,6,0.20322146441728323,27.079483731585867,0.8107282251365152,56200
2019-07,97,1.5860112930394332,7,0.19475752983396308,27.789448320630147,0.8146526527619761,63701
2019-08,97,2.5210299247465056,8,0.20632798103834826,28.162410787507604,0.809502427074461,62007
2019-09,97,3.9392553535119763,9,0.1851506704435179,30.17436216268509,0.7992701934935239,62560
2019-10,97,10.74543966761373,10,0.31849242564734215,28.611221219093913,0.8171445809620235,54534
2019-11,97,5.828962185721898,11,0.31423797427453654,27.584855242037193,0.8117327581210148,44932
2019-12,97,5.022119252381435,12,0.36930348592096734,26.950949131677078,0.7910981175915063,31765
2020-01,97,2.658796813907644,1,0.30388957779815384,27.52520995899762,0.778978633459038,30113
2020-02,97,3.4920391126402426,2,0.3255036972737867,28.17818943785722,0.7801688994634837,44731
2020-03,97,5.489642058942366,3,0.27768381681704674,29.24548858508407,0.8094725596238818,48943
2020-04,97,10.289303780691464,4,0.27535289183021244,29.153932684619388,0.8250068635849855,60923
2020-05,97,8.96025952113247,5,0.3463460775956298,28.687142724527103,0.8307210096961287,57337
2020-06,97,4.380559809225847,6,0.30492405063314476,28.52847768244426,0.8328666898634269,67014
2020-07,97,6.5502886400163485,7,0.29914795403471905,27.30077329303831,0.8182043759490618,59857
2020-08,97,2.6518404635269146,8,0.32846906940965465,27.56668861326559,0.8233638239981914,66412
2020-09,97,5.298536412221079,9,0.29729722836295014,28.72765957883852,0.804020448646767,66840
2020-10,97,4.153815029513448,10,0.307790285526207,28.642021452723554,0.8003075310315075,60345
2020-11,97,9.286185305493431,11,0.3770313099139654,27.195239351502373,0.811347580171065,48748
2020-12,97,5.094113645362042,12,0.3780051998167696,25.906666072967102,0.7786413741657608,40047
2015-01,98,2.7911159893375914,1,0.2811077222574036,24.094008588187396,0.8113471,141442
2015-02,98,1.3532455632969183,2,0.22114906601424325,24.6738306239695,0.7835397657216505,158471
2015-03,98,1.5797168955617367,3,0.18501708169367323,26.720089981320946,0.773739562957302,218187
2015-04,98,5.149176858282818,4,0.17780258092301887,26.601835535018086,0.7904279425331563,247363
2015-05,98,9.075154098773869,5,0.13850108962668975,25.067412830236776,0.8196512612522898,261187
2015-06,98,5.037870255078806,6,0.17650264167588164,25.714068132175576,0.821599124753812,254275
2015-07,98,3.86721590436018,7,0.15164840497595433,25.805244887430405,0.80642440015651,279108
2015-08,98,7.379175913046206,8,0.15225762554266092,25.53587871300529,0.8039537467680695,323407
2015-09,98,5.412876560279581,9,0.16413321384037333,26.275048270725854,0.7288188517103333,305767
2015-10,98,6.356487870863337,10,0.18242169902814123,26.437570534979027,0.7985254675039012,306181
2015-11,98,10.969452292645336,11,0.2096414786391262,24.043874516905852,0.7592872955000001,257504
2015-12,98,5.5782345685493615,12,0.23839859370691538,23.79937776702978,0.7633844762451515,197408
2016-01,98,1.6174512974182187,1,0.19180199471096368,25.044338198038677,0.8009774157442573,143788
2016-02,98,3.3819955409431293,2,0.19858649119432453,24.66872876645365,0.8155149625773587,145348
2016-03,98,0.8570243455806292,3,0.23644636409120584,26.636835042071375,0.7894954395422777,175322
2016-04,98,3.8430542215451884,4,0.12357365460609251,27.51746412696447,0.796968668132208,182277
2016-05,98,7.348261946984335,5,0.12802725422576786,26.476401621536336,0.8043911662000106,189899
2016-06,98,4.578422756288154,6,0.13840199198203243,25.06817037999395,0.8131889281539063,211186
2016-07,98,5.930932506337381,7,0.1562413570501352,25.703217708232682,0.8123042172310151,216424
2016-08,98,4.213352544919883,8,0.12068551528025886,26.852777097288815,0.8080343792394341,233559
2016-09,98,8.67935626823729,9,0.16349623303798358,25.94355311057767,0.8173463787139095,242107
2016-10,98,8.345217771232589,10,0.150933616851513,26.669750366066467,0.7977360768575386,244163
2016-11,98,9.133927989430823,11,0.21166914605171344,25.031194915158576,0.761505123144,232024
2016-12,98,8.382307066984652,12,0.20133515438571237,25.950524953001633,0.785779910962,206584
2017-01,98,10.801789843339995,1,0.22360124493022795,24.224184447265074,0.7939283062803895,158749
2017-02,98,2.99700058795512,2,0.19435022611434796,23.673201427008994,0.8072477597745923,155267
2017-03,98,6.537126067012365,3,0.1826498597940232,25.34948014091906,0.8056537422963603,192591
2017-04,98,10.638890980838397,4,0.15759789336682833,28.2293027779301,0.8203271953429944,220542
2017-05,98,11.20753842981772,5,0.19471775118856352,27.92108602288742,0.8247469284190823,240464
2017-06,98,5.99447939449003,6,0.1832852709833495,27.7289861476942,0.8321632812933643,208479
2017-07,98,4.746611107151738,7,0.197908943595624,27.229526794980977,0.825201119930835,266409
2017-08,98,7.694021579901052,8,0.209901460403811,27.780928211586073,0.817237227581233,260260
2017-09,98,8.49909745404249,9,0.20112615598762043,28.07724226279601,0.822458322806207,262629
2017-10,98,9.065053175958553,10,0.18802937302579165,27.953102898413015,0.8168967336240044,304608
2017-11,98,9.953714781305557,11,0.20143218532461052,26.780539619857667,0.811205143698,294399
2017-12,98,6.630402785926877,12,0.23830931817889056,25.700419138646538,0.8321328421187081,285225
2018-01,98,13.066177402313679,1,0.28241448503443634,25.02658862092796,0.8208072658859233,224064
2018-02,98,1.1532961719551102,2,0.24683213417740238,26.425947289358433,0.8071785552350877,207872
2018-03,98,2.7764874317728965,3,0.17694457407786113,26.925331522853355,0.7949265373738452,245923
2018-04,98,3.9669047485069844,4,0.16016245976014581,28.032895163575247,0.804074517044,241353
2018-05,98,6.853791115901064,5,0.1568375596314591,28.034426452433333,0.8184516623881434,214851
2018-06,98,5.997571178100314,6,0.16663036010752746,28.037812669449472,0.8288570781579006,175687
2018-07,98,4.536273764911132,7,0.15463815466951658,28.01511532061473,0.8192771234103042,188916
2018-08,98,2.791477719690775,8,0.15694079546387457,29.071998017259475,0.81662757689728,208935
2018-09,98,6.026582898470491,9,0.18947342365506398,28.472543210350803,0.812823212575257,247361
2018-10,98,10.017639601184564,10,0.21311001608271782,28.70564989370075,0.8182069863769625,262858
2018-11,98,8.305818463504982,11,0.2353860787641002,27.20818008573606,0.820166225129667,262804
2018-12,98,7.2934092819515906,12,0.25745330761086976,26.329099018114917,0.8272764598942686,273758
2019-01,98,1.5532291717917246,1,0.19907859822158316,25.598043919629653,0.8151611258351416,267255
2019-02,98,1.5071567620621107,2,0.19024479159332147,26.910702472440004,0.8045358168309422,235479
2019-03,98,3.792404012927923,3,0.1985862548458386,28.1105218715011,0.79888153987475,262289
2019-04,98,5.6463408153217305,4,0.13272029966872997,28.180132660480005,0.8059852326806668,268754
2019-05,98,6.774735665633452,5,0.16131793945254835,28.52485672390625,0.81607765025075,273752
2019-06,98,6.041620555988363,6,0.18160697241028495,27.72331995222383,0.823877506986145,243155
2019-07,98,3.610505099451391,7,0.18200234551949251,26.890858499641965,0.8243354351718437,283474
2019-08,98,5.113210826029284,8,0.19490752983047274,27.161121194814726,0.8144670282554582,276524
2019-09,98,6.049478284939571,9,0.18775780814048806,28.244000719349394,0.8190217271442334,268500
2019-10,98,9.98458101630948,10,0.21498273694776038,27.157767189959543,0.814973595447739,264287
2019-11,98,10.573147910237372,11,0.2534838583245465,27.126567052671703,0.8200572734928183,210920
2019-12,98,6.117599433674936,12,0.2880783597117564,25.172225921159164,0.8242241627084588,165384
2020-01,98,1.6756980851730023,1,0.2556151065925652,25.616151563246593,0.8143599501904477,131828
2020-02,98,4.229431817945807,2,0.23591285038235246,26.168492765665054,0.8069949459805965,160634
2020-03,98,3.6356639600318315,3,0.17896026757583783,27.988553252498697,0.8062665435356673,203532
2020-04,98,6.996574643459001,4,0.16719379964029704,27.089334732803344,0.8224638579425989,264568
2020-05,98,8.92585218778246,5,0.1890951963122785,27.302464362537215,0.8265159037627213,249103
2020-06,98,6.7888390125921765,6,0.1981489613364212,26.964562469924278,0.834427074082085,317276
2020-07,98,6.684828929036694,7,0.1980744895246287,26.453703700782775,0.8327150533317518,304146
2020-08,98,4.169680726928673,8,0.1988530345903991,26.857883078880437,0.8205504998974458,317932
2020-09,98,6.473246979488109,9,0.21364465249364326,26.972255798005815,0.826961718268844,321480
2020-10,98,6.669079310415237,10,0.2293329176135886,27.34652314140165,0.8256105090943396,287602
2020-11,98,9.567478135202736,11,0.23648530875634774,25.98895424973346,0.8243908567747875,235984
2020-12,98,8.685202550489084,12,0.2685108265470787,25.175771642873663,0.8242825883198905,204515
2015-01,99,2.9271882955130764,1,0.3251313506195705,25.24683394353141,0.7870459074026597,116186
2015-02,99,2.7465678002577976,2,0.2592519083725688,26.195119471722588,0.772334191778578,119968
2015-03,99,5.366943764686044,3,0.2700317432978311,26.62891150374007,0.7756811469793428,179758
2015-04,99,9.580489511961229,4,0.27358243368937213,25.64110926099404,0.7925831128426993,178342
2015-05,99,9.50458490924586,5,0.26839961418592445,25.25429308907821,0.8135437816482927,178521
2015-06,99,6.248432468638599,6,0.2670753339824481,24.79505836204671,0.8094071979984374,188938
2015-07,99,4.702235610142469,7,0.24457120697524992,24.63439597848824,0.8226413200258444,202149
2015-08,99,6.9957401592394834,8,0.2729152674298417,24.947830646804146,0.8139908434401113,217863
2015-09,99,6.742458394868894,9,0.2894990515554793,25.341497378354074,0.7699664317752785,185200
2015-10,99,10.497256427595664,10,0.31919173506443277,24.429638780944746,0.7287898575064959,171914
2015-11,99,14.53284577952975,11,0.3289527379865937,24.07510251775859,0.7918123036514999,124848
2015-12,99,5.451228495249277,12,0.28763658708813933,24.411772978392285,0.8065279430845274,125598
2016-01,99,3.1767435840155867,1,0.26292673167582997,25.836020812846503,0.810058754553208,123327
2016-02,99,3.0862899457105253,2,0.28510849415072026,25.73217862299546,0.7940240460815593,124800
2016-03,99,1.7936830963341621,3,0.29754979625113187,28.06426706832815,0.783282674168035,135376
2016-04,99,5.670088326406582,4,0.1969045734852962,26.924188606871915,0.7965265477854779,134805
2016-05,99,12.990693055866464,5,0.21741838509652683,24.993550077752154,0.809908769791235,126876
2016-06,99,5.970214984435392,6,0.21799507130123835,25.135312015614126,0.808549538593248,141734
2016-07,99,6.360801366501166,7,0.18520245870558097,25.463270872216665,0.8182737078383747,139503
2016-08,99,4.247382880352202,8,0.15703666549488035,24.96406873328046,0.8085395199919506,153348
2016-09,99,5.898827311769806,9,0.2016775902680244,24.352223172824413,0.8118225725600703,147820
2016-10,99,6.117777333743738,10,0.208986412741287,25.64592990480199,0.8109434915789784,129867
2016-11,99,9.097987320471718,11,0.270988626270437,23.64458674136394,0.7890625927303333,132994
2016-12,99,7.33691762141979,12,0.22741566354436998,25.304235332350245,0.8122549952782332,138888
2017-01,99,8.743010230571686,1,0.20629142356558305,24.195698452991184,0.8029982894400747,118818
2017-02,99,4.611463837230581,2,0.23415147701104752,24.25049059193901,0.8083636597724383,138743
2017-03,99,8.077173898124554,3,0.2610558368371179,25.367401359192424,0.8050505386847855,186465
2017-04,99,12.939549742694432,4,0.25841154181728526,27.90067834976829,0.8068540899439857,182954
2017-05,99,7.717393124263256,5,0.24969832133784173,27.301316344262613,0.820154893197915,186958
2017-06,99,5.06419333913003,6,0.23030551142487127,27.145585101877828,0.82744673938574,165175
2017-07,99,5.2444391237595775,7,0.2667912938543535,26.81148888278431,0.8111730606602375,202661
2017-08,99,8.013053381727035,8,0.2995391118549788,27.453262485291486,0.816556817597017,188484
2017-09,99,8.887414806416912,9,0.286308747630683,27.235424503193574,0.8138287068167709,171268
2017-10,99,6.777744897486952,10,0.25996923780674874,28.51721937882708,0.8065192035097124,175958
2017-11,99,13.935563327184344,11,0.295884114555415,26.70181970600747,0.807437480349,165895
2017-12,99,4.152044091775846,12,0.2935729131924105,26.48999400357235,0.8141676406733165,146530
2018-01,99,8.740716123400418,1,0.2924824888004441,25.66041075682911,0.8178281531282022,135287
2018-02,99,2.809188780580201,2,0.28321324041264934,27.727127953758885,0.7941315201498083,110929
2018-03,99,6.46267730399503,3,0.30700940177717984,27.700256466169048,0.7937887978818428,147548
2018-04,99,6.639726720342151,4,0.25408161230119863,26.71010120142041,0.8090061890546666,142043
2018-05,99,10.777888336399554,5,0.3090450741578229,27.68821956569552,0.8213386851630403,149856
2018-06,99,4.413803918820185,6,0.2561521130077057,27.084851155214785,0.8182879533384355,137137
2018-07,99,3.668873043543271,7,0.26612047785993054,25.90405458856036,0.8170408903413959,173126
2018-08,99,3.3227004325703615,8,0.2779325326149741,27.563886012930887,0.7987268923702208,171052
2018-09,99,8.650855207052299,9,0.28763868453821184,28.7976559464854,0.7939995265192313,183454
2018-10,99,12.110135630901032,10,0.31591852163617723,26.795704539436255,0.8161356638579974,186442
2018-11,99,8.083314492928668,11,0.3068877523737523,26.78290322107294,0.8150581698418563,164715
2018-12,99,8.751154588739068,12,0.3277156484747391,26.12919461169667,0.813155444771436,159478
2019-01,99,3.471406441270148,1,0.3066714866690964,25.67010826182381,0.8045621191783711,170350
2019-02,99,3.408415098901662,2,0.28680411546225004,27.347132969590913,0.7980934759223304,151140
2019-03,99,4.532990885147322,3,0.2766492798530322,28.501019418720453,0.793726046389,168399
2019-04,99,7.926330197536015,4,0.2810070141165667,27.36843852376667,0.7962104576283333,161665
2019-05,99,7.4437145950988075,5,0.27767109007190327,27.09210975131512,0.81608020815025,157508
2019-06,99,5.517884803712996,6,0.277063721454679,26.75817747002754,0.8171077026154038,137858
2019-07,99,4.022070851000734,7,0.2702662290093273,26.380681681973172,0.8175323630809486,169958
2019-08,99,4.207033291100417,8,0.25592539616652177,26.979011221606076,0.820448140805498,178952
2019-09,99,5.925523113466084,9,0.2470189759555394,27.89095873994855,0.8233323608143109,162869
2019-10,99,15.35943406351303,10,0.34472017088734275,26.736301548120785,0.8095238211953344,141154
2019-11,99,8.923992706320274,11,0.33823119074572167,26.119674810797086,0.8182232471581743,130414
2019-12,99,5.5209179769686365,12,0.3266938043484442,26.022416537256248,0.817904385566097,123783
2020-01,99,1.881396828824532,1,0.28999994058087086,26.898686192658815,0.8072755387574049,122037
2020-02,99,4.2396619988457855,2,0.29030197267553315,26.646028718769728,0.8028166224936414,154902
2020-03,99,6.241628670877381,3,0.2941220843059803,27.808156329073054,0.7988098218388537,160079
2020-04,99,15.232215770045649,4,0.31988511547467885,27.423705856852962,0.820650170688798,168606
2020-05,99,12.776457607432532,5,0.30865220294037665,26.433605480835514,0.827499461014965,147013
2020-06,99,6.535498738786872,6,0.30132471327258376,25.43068164102235,0.8363093160479705,185541
2020-07,99,10.454159233514563,7,0.31860046402442543,25.8285277960005,0.8302582664440536,183979
2020-08,99,6.544172377798726,8,0.2851010091379549,25.89033051795253,0.8205957565021046,178543
2020-09,99,10.537799940886876,9,0.33350153636266033,26.58643815124479,0.8091039358965382,160900
2020-10,99,7.045297665675184,10,0.30805226861448887,26.574149481132974,0.8288652745654997,135912
2020-11,99,10.215731305892797,11,0.327452525180813,25.627329827371273,0.8093536271457581,118659
2020-12,99,6.322229492968817,12,0.3205785706310724,24.40543218509722,0.8068802111843606,124475
2015-01,102,7.153160948181189,1,0.2772438961028203,22.74368016736751,0.7962808815562603,401299
2015-02,102,1.2549708588236996,2,0.29968579623496255,24.34418739161717,0.8187501717316052,325830
2015-03,102,2.025617576811226,3,0.20564807909718433,25.826059403188594,0.7965382432156726,405830
2015-04,102,4.898894136001611,4,0.22026610334204802,25.5296219401386,0.7961619972236896,475838
2015-05,102,7.66278306057866,5,0.20812972043981154,24.97452096793906,0.8184315628020192,530644
2015-06,102,6.210167816606132,6,0.20674856123506197,25.52872573894937,0.8287246069293693,489764
2015-07,102,4.4747091151096035,7,0.1722993266691333,25.101580754757393,0.8215319874122418,476371
2015-08,102,6.132268500955079,8,0.18813444361513032,25.714327818500884,0.8066282501472207,540882
2015-09,102,6.38245485053281,9,0.2174629406413979,25.533220692057913,0.7945870048328474,533540
2015-10,102,5.606365659132336,10,0.22348738087578707,24.869167085634764,0.7710911072872153,593579
2015-11,102,8.037676274682543,11,0.297746706515257,23.57506119399048,0.7737815096777501,517102
2015-12,102,3.9224935316743132,12,0.2810632424326289,24.096483975028885,0.7902034667645739,432288
2016-01,102,1.6626100910534372,1,0.2777599238355554,24.65606263160041,0.79728417746559,338074
2016-02,102,1.968090847741099,2,0.28876246491666835,24.0099845289397,0.8102280838486591,266258
2016-03,102,1.672211023964058,3,0.23242522343976274,26.48628138158284,0.8045870469084215,314862
2016-04,102,6.190642827664839,4,0.11648614623919239,26.271251668487125,0.8022797530590114,353501
2016-05,102,8.300966737183481,5,0.10723087464373905,25.260444879368382,0.8156050297213954,400438
2016-06,102,8.013852571607224,6,0.15298441668526977,24.906358032672962,0.8382952586072983,461788
2016-07,102,7.155535507603072,7,0.09678864978986079,24.443096776262912,0.8357293492806837,475506
2016-08,102,6.435611296910064,8,0.11246597115243115,25.858782965705267,0.8313425236222141,479398
2016-09,102,9.372505160730999,9,0.11184547252732253,25.32706057562681,0.8204348173095897,477165
2016-10,102,8.256154586110844,10,0.1320258928532865,24.301267952476604,0.8092010590701456,471408
2016-11,102,6.355609132553738,11,0.18596868674227593,24.218683142369912,0.7715779051443334,424695
2016-12,102,8.69583486308121,12,0.14736147932503404,23.88883355131492,0.8105600177391218,384160
2017-01,102,8.167630019025918,1,0.1548929148408128,23.73629778418124,0.8156131036320963,347609
2017-02,102,4.478766601037259,2,0.12707277296285574,23.67636079064261,0.8198820028658069,323244
2017-03,102,7.475951281678389,3,0.13830790063737808,25.192652445788287,0.8259656889426146,386050
2017-04,102,7.111689186834266,4,0.14324956037836015,27.13898486955632,0.831849412066869,428152
2017-05,102,9.969369563985914,5,0.15534344369921785,27.12803325443312,0.8406378581203398,461650
2017-06,102,9.68126821499683,6,0.16766879382139763,26.47608088543622,0.8410992808767206,428835
2017-07,102,6.418327534775252,7,0.22518716411013445,26.289381373645984,0.84300662695094,462153
2017-08,102,7.163471095757967,8,0.21356167628341707,26.24195907463678,0.8329446586128062,437786
2017-09,102,9.605921173852886,9,0.22245248578658028,27.151402141130333,0.8354308790653767,428842
2017-10,102,9.098551016725336,10,0.24303464157715418,26.513618996194715,0.8354370977707765,506173
2017-11,102,4.9585114000325925,11,0.24719801931396143,26.20504141918924,0.8288720084099281,514798
2017-12,102,10.725965549639577,12,0.24396994652625348,25.853367345176817,0.8423514471857618,490053
2018-01,102,6.3985145602673175,1,0.2862332859993622,24.538923014851118,0.8324708034074275,454173
2018-02,102,5.807265072732689,2,0.26700807445451613,25.53375360893522,0.8300303522173833,398155
2018-03,102,5.125470601991823,3,0.2539680292033277,25.476888166673863,0.8136628634815926,427378
2018-04,102,7.583485057300185,4,0.22574076044389732,26.902192910330147,0.8212923097623333,419935
2018-05,102,8.899838263359388,5,0.23819296284503505,27.084805493412453,0.837496245162546,392059
2018-06,102,5.2639628122491695,6,0.24128136535578068,27.669272292834496,0.8442479612791599,338809
2018-07,102,5.32712786880031,7,0.2101039556141369,27.717247424289752,0.835047582596779,357514
2018-08,102,7.020697226004717,8,0.23387409297487224,28.594039691173965,0.8359468666557635,373267
2018-09,102,7.86613397501564,9,0.23519196314588034,27.665913492488748,0.8286855669260844,441899
2018-10,102,6.510956099043124,10,0.2204400629245186,27.197035658894773,0.8365599535127578,508522
2018-11,102,6.891433041732626,11,0.2572344663335572,25.659882993326352,0.8285278938226527,515601
2018-12,102,6.459109526939908,12,0.28384712293466524,25.564168626298596,0.8388268816767055,512044
2019-01,102,5.857107268107007,1,0.293973688464436,24.713694509277378,0.8277931606920067,471010
2019-02,102,0.5714294007064876,2,0.26841390059971426,26.59528398202381,0.8250970262630023,427802
2019-03,102,3.4662201730888174,3,0.25527979086251606,26.763104769704604,0.8150205716375001,453657
2019-04,102,3.1261829534569694,4,0.2056801907251667,27.59875346268,0.8140698897399999,414332
2019-05,102,7.929836628290476,5,0.2060860231812258,27.439710838086636,0.8355827646462499,411822
2019-06,102,7.351534377896329,6,0.22151715870112623,25.48623579292073,0.8352869033509148,366629
2019-07,102,5.929605188656267,7,0.23941942783021236,25.61833765598257,0.8397611933554273,381961
2019-08,102,5.179596303869831,8,0.22654867450407704,26.292402726396247,0.833976290618735,399160
2019-09,102,3.7932600856675838,9,0.22195449864923195,28.10396886427472,0.8288835572005643,437392
2019-10,102,6.870528322526575,10,0.19487544444887686,26.29432050679478,0.828440523191284,475965
2019-11,102,6.0544381455071115,11,0.2498129080260535,26.696731463779326,0.8392998059720075,424848
2019-12,102,9.369742773966315,12,0.26416583915418934,24.590993624899518,0.8305991469798994,372590
2020-01,102,5.53913911728527,1,0.2836383367370445,25.60962427896871,0.8345582780114782,316939
2020-02,102,1.9296051874044269,2,0.27486572577742274,25.4879169107112,0.8305349102439891,318537
2020-03,102,3.4219380427900092,3,0.23685346812235325,27.474320733968376,0.8143849715766079,324033
2020-04,102,3.065450866681187,4,0.22104696416051425,27.697777894019396,0.8252084586292663,398793
2020-05,102,7.52528457398053,5,0.22064220462018755,27.244790904483164,0.8379223323580867,451732
2020-06,102,10.486804718004185,6,0.21227094872323285,25.3506286284356,0.8459973393646407,449614
2020-07,102,7.406862718150222,7,0.1636738031725775,25.58260762191553,0.8447942147176423,387257
2020-08,102,5.456149208882673,8,0.12870120533324753,26.49605271039861,0.8464430940055057,399900
2020-09,102,7.06294055685116,9,0.17746658989021713,26.60865005581296,0.8332442448742633,447097
2020-10,102,8.548457650203112,10,0.19303739880780024,26.396159316345035,0.8382353134626244,444647
2020-11,102,7.306919845052898,11,0.24167794011181565,25.1495711613803,0.8345593826938117,382691
2020-12,102,7.000175095629949,12,0.2612799995259715,24.44067461523784,0.8379105260975533,326135
2015-01,103,13.911941372460273,1,0.3373400285764929,23.6105034656223,0.7880229143086988,208233
2015-02,103,7.458945445762312,2,0.3152404207449776,24.20460799400409,0.8077272354216964,190166
2015-03,103,10.24508777558244,3,0.28191467754304234,24.72940536562685,0.8055402749930479,246489
2015-04,103,12.266487625706231,4,0.26360553390551356,24.319965072459013,0.8125347368590846,284518
2015-05,103,10.637128074791798,5,0.2688060382564682,24.464749919136338,0.8220898699330897,307309
2015-06,103,8.735043987575361,6,0.27414596775850364,24.650592013502358,0.8296767003981163,310308
2015-07,103,7.356187434620022,7,0.24736171847956903,24.86179222761111,0.8246982922978348,326996
2015-08,103,7.395649436709745,8,0.2503062585603732,24.287508804720876,0.7965092801068866,391273
2015-09,103,5.84151136535855,9,0.2553033679480938,25.593324211633607,0.7600806789310419,397839
2015-10,103,9.990882766484175,10,0.2474015106738083,25.268980101780887,0.7460078609827997,420859
2015-11,103,17.387828486840927,11,0.29845208131475914,23.778789948683684,0.78729499061825,323717
2015-12,103,8.54894933449146,12,0.31247020174554513,23.58512001524476,0.7658981779009069,294440
2016-01,103,8.767626704667887,1,0.2924000517074092,23.918375589752106,0.8031249577868534,234074
2016-02,103,9.593059638092356,2,0.28875970897348036,23.95286560483702,0.8133007923391845,202434
2016-03,103,10.143592770101538,3,0.2710600226130552,24.619416203582748,0.8185322132111633,240588
2016-04,103,10.521580105694445,4,0.1540133493146474,25.55469259411638,0.8255860678819416,257405
2016-05,103,11.306092306650118,5,0.16425675160199757,24.737517518420614,0.8282032537066234,266808
2016-06,103,9.395887611955251,6,0.19513896031004924,24.476146302772104,0.8323202553437254,311060
2016-07,103,9.152991767894582,7,0.1350579952625028,24.688922108637264,0.8226946533709717,344585
2016-08,103,6.527415994014693,8,0.1502318916302275,25.212180402084407,0.8247145533373385,374257
2016-09,103,7.9412998347232655,9,0.14598902820729479,24.94402286962961,0.818658544080746,367147
2016-10,103,7.904732610072208,10,0.18445667807340677,24.66763450241797,0.8065852670457264,350773
2016-11,103,8.604808597728415,11,0.21461617459403723,24.24830820387705,0.7771110293843334,320992
2016-12,103,7.95508399726755,12,0.17056293409381293,24.307659666405534,0.8132499531528833,315163
2017-01,103,12.19448125133266,1,0.17790608574470743,24.1372233504938,0.814125630625045,295473
2017-02,103,14.975212355917732,2,0.16279897376263278,23.89184677018767,0.8184893316425095,274849
2017-03,103,11.30638241890203,3,0.17251669227246402,24.93557295645276,0.8192413906114311,303273
2017-04,103,10.62661683658005,4,0.17621772349898907,26.97815761752146,0.8263832196808356,299797
2017-05,103,12.726477898482825,5,0.18031492099561522,26.627539887182717,0.8273586855529002,327777
2017-06,103,9.141506066329017,6,0.19247173833147427,27.193716430447417,0.8366541956241087,325370
2017-07,103,5.253390675325826,7,0.22649816738336956,26.95313673061696,0.8359273154746645,378159
2017-08,103,11.072508778141563,8,0.24507519517927837,26.22451923418308,0.8271055691447212,392429
2017-09,103,11.557459129247567,9,0.24774526450768744,26.8444712509415,0.8186285422083337,380889
2017-10,103,8.82924772387024,10,0.26492948954514106,26.713228404846237,0.8121306354498303,418007
2017-11,103,13.114822034742557,11,0.2583874994607009,26.53567398035236,0.8188680173958017,383422
2017-12,103,8.697942573953265,12,0.2949063789336454,25.28411953669779,0.8274673699562897,348621
2018-01,103,12.352698621814726,1,0.3128117728056474,25.166342232322027,0.8177659227178435,306988
2018-02,103,11.386048641363482,2,0.3005156282333364,25.35881846100827,0.810778442380081,234319
2018-03,103,8.526991795950051,3,0.30285361099434943,25.74162540865143,0.8085245772176579,285704
2018-04,103,11.441316041473918,4,0.27019364178441835,26.92212473820852,0.8144073933466668,315755
2018-05,103,13.337911130761968,5,0.2624379443392084,26.88067193013333,0.828617887390001,342986
2018-06,103,8.17541023927503,6,0.2527292799004804,28.349592861384576,0.8325141936560508,311346
2018-07,103,6.512605172141494,7,0.2432312718815191,27.81462683019964,0.8272656389422401,354602
2018-08,103,4.702488186187574,8,0.24926618904935685,27.604014638642948,0.8231260848017907,406589
2018-09,103,8.506607906390526,9,0.2584798382417962,27.0797215413144,0.8157584599630477,455163
2018-10,103,10.598821677664889,10,0.254749058735169,25.91869548790826,0.819543586976716,445650
2018-11,103,10.637807456317452,11,0.28505832312708573,25.745273082750437,0.8250539994567652,375871
2018-12,103,9.864649694063097,12,0.3025265022308104,25.567617034857467,0.8233365192326255,344366
2019-01,103,11.242844271709753,1,0.3205247862889025,25.391103145062885,0.827045976950213,311510
2019-02,103,10.080183183287527,2,0.27951036491703857,25.332394183082357,0.8233802246858904,275417
2019-03,103,7.578603993942877,3,0.2645317808427419,26.415403941342937,0.81642409629675,291752
2019-04,103,8.539467317705437,4,0.24680346419406668,26.88801577672941,0.8167209571656667,310239
2019-05,103,7.440121947528224,5,0.2522288331707742,26.42683681433974,0.837530080883,323788
2019-06,103,8.25527357929044,6,0.27280876936402065,25.915535127098973,0.8284031486989543,308622
2019-07,103,5.363476714079219,7,0.2648711871693261,25.93581473279313,0.8338230729829338,382666
2019-08,103,4.373708113559291,8,0.2659713111614136,26.133260901840146,0.8350239798945358,447768
2019-09,103,6.15267249889449,9,0.22507143904351937,27.227693571321353,0.8283487737410978,471676
2019-10,103,12.009282938229155,10,0.23402801992799915,25.7509112711891,0.8244491415894774,432846
2019-11,103,9.478646184394043,11,0.27372505409239317,25.614180514011103,0.8300980974602544,355625
2019-12,103,14.220792330382944,12,0.3000135128398997,24.34708440390698,0.8301848096177428,325502
2020-01,103,11.04630634174992,1,0.31171269266495893,25.234381038130778,0.8328599687530097,288131
2020-02,103,7.372895920172897,2,0.2765167524424518,25.610251514957216,0.8331160060098778,262081
2020-03,103,13.16901693284455,3,0.2950081296574914,26.296091757950638,0.8211628131136481,281307
2020-04,103,11.708780711780774,4,0.27675867969816204,26.32068559427507,0.8303416750064453,319303
2020-05,103,11.909634390374405,5,0.27009237592222995,26.096112431501805,0.839823867821455,329879
2020-06,103,11.801856862758415,6,0.26794176706450024,26.00054403693594,0.8433005135643288,353534
2020-07,103,12.621212722075985,7,0.21477371522327598,24.722436962853056,0.8354389106504174,391434
2020-08,103,9.898345376589083,8,0.18918927372346475,26.31316281269326,0.8402059154318817,424155
2020-09,103,12.578286841915668,9,0.22262198307311098,27.009755315619092,0.8283160708091474,397435
2020-10,103,7.885307990971819,10,0.23079741769896547,26.225316094780613,0.8314047451506414,370161
2020-11,103,9.017934891227544,11,0.2626282944966734,24.90425375362987,0.8325764278879363,330431
2020-12,103,9.861948210334777,12,0.32512916197758157,24.60529083774615,0.8243116589343229,306488
2015-01,104,3.5707649448824457,1,0.315865748626431,27.428703386158453,0.7177522712411696,27384
2015-02,104,2.4481014066202986,2,0.2663492352267938,28.063422048237435,0.7073004099060076,30431
2015-03,104,7.763576379197453,3,0.2728197543403271,27.854678914615867,0.7185209302181492,42946
2015-04,104,12.11742250045831,4,0.29245691015202324,27.066161061502253,0.7504355307556639,47675
2015-05,104,8.216136116414434,5,0.25805505575726617,25.68250023893912,0.7950407944412063,49005
2015-06,104,6.335075641339018,6,0.28695048349719554,26.41398258224854,0.77298012706876,48012
2015-07,104,3.6548099697835794,7,0.2763683973721451,26.1569676924117,0.8068978801336,51113
2015-08,104,6.928543797963872,8,0.283287686437914,26.84894088031445,0.7737452173635866,53709
2015-09,104,7.944475517604022,9,0.3017419964374725,27.281385234092618,0.7128188863710276,48352
2015-10,104,9.523712974422793,10,0.31833952710991786,28.16719436245554,0.712110941356133,44306
2015-11,104,16.86287063544681,11,0.3303392752367091,26.232715285728162,0.7921052221743333,31623
2015-12,104,7.068649822468518,12,0.36056067951470167,25.355683920033382,0.7531323598592361,29322
2016-01,104,3.8863082226444017,1,0.2864897510498717,27.4065703331562,0.74524751718233,28867
2016-02,104,4.8021304341280295,2,0.30315565104518805,27.170886225033847,0.7691843659375919,30978
2016-03,104,3.7387992601385465,3,0.29654648491824226,28.64679227693229,0.7390891913379323,35366
2016-04,104,6.06570207655296,4,0.2511142548291759,28.584488030347266,0.7265779891985,35869
2016-05,104,13.130761229663733,5,0.329354180251846,27.19618851961506,0.7705959315350466,34968
2016-06,104,5.2390705837739,6,0.3056014494718324,26.18126729533083,0.7767400528814461,35610
2016-07,104,6.491602001895825,7,0.31409731130568314,26.037699903078824,0.7850339548381625,34426
2016-08,104,3.1687323041335542,8,0.27964835531228305,25.662971131360266,0.7741453500258375,38546
2016-09,104,6.784937528722429,9,0.3841664294688309,26.634936526124328,0.7885195157516357,39751
2016-10,104,5.644798086050505,10,0.28416017008222905,25.48514631295152,0.820684825840665,33918
2016-11,104,10.09969494585744,11,0.4002861649055224,23.2026343835241,0.789233450672088,35278
2016-12,104,7.139261263444106,12,0.3539922574613922,26.738757301112365,0.794031036100753,34513
2017-01,104,8.849575538788333,1,0.316749721795211,25.65597771680456,0.7702122965685727,33813
2017-02,104,4.648642377568301,2,0.34532057370993413,26.944210798363123,0.7678619698815894,36480
2017-03,104,10.341555068926537,3,0.35550021028678763,27.148255661691053,0.7990275349229033,47571
2017-04,104,13.437416551149148,4,0.35338414504657856,28.752540705815626,0.7962172050045,45667
2017-05,104,6.937365923530964,5,0.3469389589056256,28.785562638922528,0.7973136478107947,46851
2017-06,104,4.509568016667794,6,0.33007240887411143,29.531386281844675,0.7827755439443378,40687
2017-07,104,3.401081121207788,7,0.34873206599803197,28.195669085246077,0.784703177710645,48657
2017-08,104,5.11516301966783,8,0.364788495087569,27.945817707796326,0.7977632590585,46604
2017-09,104,6.462369253317359,9,0.3421049946913562,29.440647359204743,0.770323172037637,47412
2017-10,104,7.241367399443705,10,0.29559137395614093,29.697933543188874,0.790679588563,46343
2017-11,104,13.695810582974227,11,0.3525417906452238,27.48070081361863,0.789196603173405,47419
2017-12,104,5.005094380283346,12,0.3143105276067008,27.79541964233246,0.8073528369972325,45015
2018-01,104,9.420570702614649,1,0.3722734238872299,27.4245379084308,0.7287872835809128,40805
2018-02,104,2.536708064682969,2,0.3036446621354444,29.961509596871736,0.7173398901743138,36908
2018-03,104,7.847509123889139,3,0.3037551501314194,29.441484763438275,0.748678761017,44946
2018-04,104,8.883945859874114,4,0.28791915285016983,30.80862262174205,0.784635067802018,42942
2018-05,104,9.784686806165825,5,0.3117482770580924,27.536442228149998,0.8052238127242375,41904
2018-06,104,5.057947156974188,6,0.32083521103517615,28.436134378729403,0.7937058208721397,38429
2018-07,104,3.7341858736058917,7,0.29383233117663626,30.0584926911136,0.7425104612468121,45019
2018-08,104,2.373648480354144,8,0.2655893915731478,31.93310852396536,0.774920090322728,45988
2018-09,104,7.693490186818193,9,0.3128084088352617,30.18748321986557,0.813621869683902,47799
2018-10,104,12.722172334072768,10,0.3513128993909622,26.7855850914862,0.8007973174778578,49756
2018-11,104,12.25700636664759,11,0.347877140402866,27.625214484720328,0.776418607736808,43621
2018-12,104,10.223607089903902,12,0.34845053916660745,28.306947142498757,0.777670325493352,41387
2019-01,104,4.583340671019679,1,0.3026122618081368,27.780187138867454,0.7450366383614022,43624
2019-02,104,4.639562347891377,2,0.3171022658154642,29.541158425595242,0.73171163270975,43806
2019-03,104,5.85200963606081,3,0.29386286745490325,29.916039163632494,0.7623131907183334,48250
2019-04,104,9.527263324851583,4,0.2859469812348666,29.55809278338182,0.7731826809714999,49018
2019-05,104,7.763461951427477,5,0.2463377379430968,28.819833575443756,0.7878881284878542,48244
2019-06,104,6.4595968646567865,6,0.2628703387303853,27.97184693652335,0.781443817427103,41022
2019-07,104,3.657632150577938,7,0.28157409109071235,27.234584696481576,0.8205174060881315,49135
2019-08,104,3.5761856297918295,8,0.3193469944690416,27.664961670579295,0.7620301547457661,50422
2019-09,104,4.254206362570722,9,0.2754289871070483,30.076660459511974,0.7908587995599508,44194
2019-10,104,16.181618537135076,10,0.322499922351861,28.652277779704963,0.7889340618395665,39375
2019-11,104,10.976911777262133,11,0.3431576922338048,28.471073257457768,0.7653064838914737,34940
2019-12,104,6.820044206563548,12,0.39364710531682384,27.432504289999716,0.7474356407665959,29807
2020-01,104,4.434928089452391,1,0.3356025174204405,28.295664221573624,0.7348853673263668,28636
2020-02,104,3.934357147295204,2,0.360049400952915,29.675020542374288,0.743157223163645,39458
2020-03,104,6.5793364804192755,3,0.3136325516238359,29.287172438569616,0.7784339567555832,46168
2020-04,104,15.947560455296905,4,0.353796276851539,29.596253095521174,0.7989330026121779,48506
2020-05,104,10.485440289207927,5,0.3416002058616981,28.898488553105135,0.8028829300628175,46235
2020-06,104,5.3923364523952655,6,0.34883277950578917,28.127550080229735,0.7900379114326923,52078
2020-07,104,9.532004781701836,7,0.37552223059290374,28.21917205299161,0.7785192683212783,48298
2020-08,104,3.5288193463370128,8,0.34855500984558413,28.31863849532758,0.786293400932234,47878
2020-09,104,9.117311434356882,9,0.35367185675799007,27.716482025954125,0.825588518647266,45758
2020-10,104,6.3520839360236945,10,0.36212926991347005,27.97557095259834,0.782225100830065,39927
2020-11,104,11.475407511875655,11,0.3596823259757839,27.31258715992292,0.790808941151544,33846
2020-12,104,6.214480338995816,12,0.38310864037913334,26.492564212538813,0.7908089,32747
2015-01,105,3.3411086227576674,1,0.24273830742691904,23.82502529518645,0.7587622217343893,19382
2015-02,105,1.278948177871338,2,0.20529240118731334,25.262895192275238,0.7590171564129999,17106
2015-03,105,0.882063684342204,3,0.15433283147407656,26.394286443750627,0.762093064474723,25482
2015-04,105,3.890325729799763,4,0.14609972180962047,26.649657764872618,0.7738503961995,36875
2015-05,105,9.10549036612518,5,0.14213055386735138,25.871278185743023,0.8012479811648725,45605
2015-06,105,6.333193427411733,6,0.19000525224247056,26.53166937348337,0.8056413417438127,44455
2015-07,105,7.679099922732084,7,0.23316196870242942,25.47276292430811,0.8076744394240728,47799
2015-08,105,8.117051378259028,8,0.17885246442257582,25.822001190608937,0.7994732624156682,59111
2015-09,105,8.18026768237531,9,0.20038169852566692,26.097822522680346,0.7369595373313143,52581
2015-10,105,8.441202545738104,10,0.23106274645630476,26.81013515158346,0.786356573167141,60737
2015-11,105,13.973449246123264,11,0.26327771959768875,23.067570294588116,0.7179352877445,50408
2015-12,105,6.2567238203950595,12,0.24113064731591732,22.890294761709516,0.7044526473446467,36988
2016-01,105,1.8520420699529927,1,0.211457596409189,24.62306172248773,0.7513065816543546,25493
2016-02,105,2.8002919979744725,2,0.2239521244856059,24.858300438536247,0.8028578915498334,23118
2016-03,105,0.5409034924895695,3,0.19749724498659152,26.488403289930393,0.7784042120614557,28228
2016-04,105,1.7723978487295358,4,0.09181728888728413,26.853413195595884,0.7666428110233537,31257
2016-05,105,7.825149043269419,5,0.07065424908319065,25.309841153730677,0.780438600534452,37282
2016-06,105,9.442594324977291,6,0.12247165278133129,25.313233599514685,0.8032018141534413,38431
2016-07,105,8.974745254389186,7,0.10120726778362395,25.772150249814192,0.8125586983177366,40372
2016-08,105,7.223702307220308,8,0.0846846643185988,26.70633502377184,0.813369852811081,44043
2016-09,105,11.232211362509078,9,0.09637877383759894,25.493847642030946,0.8033497879543535,47424
2016-10,105,15.006959983731871,10,0.12851668982614897,26.773392728407032,0.805139627231424,51095
2016-11,105,13.447334862906125,11,0.18756061274281285,22.88515660580627,0.7743103003439998,42896
2016-12,105,19.91639591841674,12,0.153420267188584,24.565150746046516,0.805502633595561,36326
2017-01,105,15.02497644303441,1,0.15195753932826772,24.4281385295877,0.800336305087058,28822
2017-02,105,1.4318524903413024,2,0.10062939225791112,23.847453452932232,0.7958063423761038,23620
2017-03,105,5.393537307705683,3,0.13130964009779986,25.761939530976527,0.8112332025264157,23124
2017-04,105,6.388839022373689,4,0.1052553899156445,28.645293842677994,0.820904524556986,30667
2017-05,105,10.194103489344796,5,0.13036129369828822,27.972469612977633,0.824594580575591,36247
2017-06,105,9.570636386068715,6,0.17454819424938456,28.31497386292822,0.8170091762843362,30230
2017-07,105,6.303627879711362,7,0.1732126045997317,28.134325989653497,0.8182094877205766,47134
2017-08,105,10.623029508633042,8,0.15081208513277422,28.86993252679986,0.8160617711201523,54379
2017-09,105,10.270090471313297,9,0.21045708552831535,28.38243287294748,0.8154793372322275,54843
2017-10,105,11.014622891475414,10,0.20322899694903032,28.437190605955102,0.816317941352,61088
2017-11,105,21.2025532347547,11,0.2732715728905521,26.212092301847836,0.8316922009384825,56871
2017-12,105,9.767295277922932,12,0.31595344082766436,24.349158511045484,0.793109176784693,47706
2018-01,105,10.203173596479127,1,0.21433391333273188,24.353474371304582,0.7754941754636188,37467
2018-02,105,1.3218892155831727,2,0.22308848096191694,26.36573021574997,0.7860299864853334,34204
2018-03,105,1.589907889842722,3,0.22999387611464964,26.541212129259197,0.807304394993711,36428
2018-04,105,3.8958767846424083,4,0.18414881164909294,28.389349287975097,0.8220677801564975,38184
2018-05,105,4.5227883137062195,5,0.2061032960201439,28.09762124386893,0.8115360087664517,34495
2018-06,105,8.11975880289284,6,0.2205607671684323,29.358773485309037,0.8108608303836092,29723
2018-07,105,7.761761056422158,7,0.21079505988951686,28.8488997866725,0.8003738126774773,35051
2018-08,105,4.740771920170632,8,0.19283316293437014,28.39096522230846,0.8023469757107295,38831
2018-09,105,7.886022962288441,9,0.2221935366615751,29.164815571494,0.8041087998191297,50549
2018-10,105,10.660619539823166,10,0.3039303459649042,28.100243947369233,0.805688711133402,55265
2018-11,105,14.74408805832341,11,0.30074360515241866,27.522359886326978,0.7889795111895059,49422
2018-12,105,18.134773770849474,12,0.31112762283763157,25.938288834330987,0.798093683871504,46797
2019-01,105,3.5462449735843236,1,0.3502983444640666,24.941381228009906,0.7816611837317501,44399
2019-02,105,0.81173947826309,2,0.28762182517707136,25.770387351173685,0.7864651169529999,40879
2019-03,105,2.536006713710913,3,0.20037656869637593,27.055261677761308,0.805834134007,42808
2019-04,105,4.698872345477543,4,0.17822652286770999,28.62051952194118,0.8141562576400471,42845
2019-05,105,8.62926410630465,5,0.23954141548890315,28.619383801449995,0.8188187674613847,44614
2019-06,105,10.340208183087617,6,0.22538883622133307,27.851779531379382,0.8064334938482014,46966
2019-07,105,5.732373434853662,7,0.22704179760247575,27.3724079016375,0.8168888317156795,51818
2019-08,105,5.305143105059532,8,0.2421975604943048,26.779900916081008,0.8166321517106789,51640
2019-09,105,7.426407948217677,9,0.24643482203589104,28.15252279216356,0.8118496968810555,52965
2019-10,105,8.768828790191222,10,0.3339492531562269,26.899877592414537,0.7891758569883904,52760
2019-11,105,17.1620397456225,11,0.35938715741786986,26.17182919976779,0.7971519419094997,46182
2019-12,105,10.16217431814629,12,0.2759503623977508,24.84528207384175,0.7916446364361672,38354
2020-01,105,0.7198930383380404,1,0.25434645045946347,24.73761553986916,0.7798953128960907,28160
2020-02,105,2.7019902709049566,2,0.24876954743386243,25.992674669520795,0.7963107557630931,27975
2020-03,105,1.8865301576143585,3,0.18679411275188804,27.437049500192273,0.8203813072800233,35057
2020-04,105,7.930727091749449,4,0.21276977581399778,27.340470820091777,0.8305629432041273,45208
2020-05,105,5.489988507202595,5,0.213470247376069,27.62716808605534,0.82198596578879,42796
2020-06,105,8.674417086012479,6,0.36175970482385017,27.01833354808796,0.813444459398962,57392
2020-07,105,9.76966757918219,7,0.19870403283204438,26.538572677614486,0.8107677063163496,56995
2020-08,105,7.635350493124322,8,0.22578427288812575,27.42458522436372,0.8151879065745903,57818
2020-09,105,6.8526302426323635,9,0.27747700162591055,27.940492303219912,0.8031922843163926,57474
2020-10,105,11.2766755009971,10,0.27767006375761016,27.048770255630053,0.7908913995147786,51821
2020-11,105,17.67653076319134,11,0.3020142727217484,24.715069760203257,0.8031919999999999,44947
2020-12,105,14.751862441460265,12,0.34935795329046704,23.85674632253946,0.790891,35728
